Иван;Иванов;+7 900 000 01 01
Петр;Петров; +7 900 000 01 02
Анна;Сидорова; +7 900 000 01 03
Елена;Кузнецова;+7 900 000 01 04
Алексей;Сергеев; +7 900 000 01 05
Мария;Михайлова;+7 900 000 01 06
Дмитрий;Федоров;+7 900 000 01 07
Ольга;Смирнова; +7 900 000 01 08
Сергей;Лебедев; +7 900 000 01 09
Виктория;Николаева; +7 900 000 01 10
Роман;Ковалев; +7 900 000 01 11
Татьяна;Зайцева; +7 900 000 01 12
Андрей;Попов; +7 900 000 01 13
Ксения;Соловьева; +7 900 000 01 14
Юлия;Васильева; +7 900 000 01 15
Артем;Тихонов; +7 900 000 01 16
Ирина;Батурина; +7 900 000 01 17
Максим;Дьяков; +7 900 000 01 18
Наталья;Соболева; +7 900 000 01 19
Владимир;Григорьев; +7 900 000 01 20
Кatherine;Smith; +7 900 000 01 21
Никита;Степанов; +7 900 000 01 22
Лидия;Панова; +7 900 000 01 23
Денис;Егоров; +7 900 000 01 24
Алиса;Тарасова; +7 900 000 01 25
Степан;Селиванов; +7 900 000 01 26
Евгения;Западникова; +7 900 000 01 27
Павел;Куров; +7 900 000 01 28
Светлана;Канунникова; +7 900 000 01 29
Федор;Нефедов; +7 900 000 01 30
Яна;Малахова; +7 900 000 01 31
Николай;Степанов; +7 900 000 01 32
Ирина;Громова; +7 900 000 01 33
Константин;Алексеев; +7 900 000 01 34
Анастасия;Волкова; +7 900 000 01 35
Саша;Калинин; +7 900 000 01 36
Эльвира;Петрова; +7 900 000 01 37
Рустам;Романов; +7 900 000 01 38
Надежда;Ларионова; +7 900 000 01 39
Станислав;Рюмин; +7 900 000 01 40
Дарья;Спиридонова; +7 900 000 01 41
Григорий;Шаруков; +7 900 000 01 42
Тимур;Анисин; +7 900 000 01 43
Фаина;Климова; +7 900 000 01 44
Станислава;Миронова; +7 900 000 01 45
Максим;Ефимов; +7 900 000 01 46
Татьяна;Гордеева; +7 900 000 01 47
Олег;Белов; +7 900 000 01 48
Ника;Рябова; +7 900 000 01 49
Саша;Золотарева; +7 900 000 01 50
